condition_type,condition_value,day_type,rank_in_group,end_station_name,return_count,return_share,total_returns_in_group,end_lat,end_lng
cold,cold,weekday,1,Clinton St & Washington Blvd,4067,0.014221522860389895,285975,41.883378993326986,-87.64117008864396
cold,cold,weekday,2,Canal St & Madison St,3877,0.013557129119678294,285975,41.882409,-87.639767
cold,cold,weekday,3,Kingsbury St & Kinzie St,3474,0.012147915027537372,285975,41.889172621529056,-87.63849963502554
cold,cold,weekday,4,Clinton St & Madison St,3333,0.011654864935746133,285975,41.88275006331282,-87.64119022354309
cold,cold,weekday,5,Clinton St & Jackson Blvd,2750,0.00961622519451001,285975,41.87831662050808,-87.64098109175531
cold,cold,weekday,6,Canal St & Adams St,2695,0.00942390069061981,285975,41.879255,-87.639904
cold,cold,weekday,7,University Ave & 57th St,2534,0.008860914415595769,285975,41.79147800295527,-87.59986050810642
cold,cold,weekday,8,State St & Chicago Ave,2208,0.007720954628901128,285975,41.896617200407526,-87.62857854366302
cold,cold,weekday,9,Clinton St & Lake St,2132,0.0074551971326164874,285975,41.885637,-87.641823
cold,cold,weekday,10,Ellis Ave & 60th St,2077,0.007262872628726287,285975,41.78509714636001,-87.6010727606
cold,cold,weekday,11,LaSalle St & Jackson Blvd,2070,0.007238394964594807,285975,41.878166,-87.631929
cold,cold,weekday,12,Daley Center Plaza,2057,0.007192936445493487,285975,41.88424087537072,-87.62963348535213
cold,cold,weekday,13,Clark St & Elm St,1958,0.006846752338491127,285975,41.90301732164141,-87.63152289470456
cold,cold,weekday,14,Orleans St & Merchandise Mart Plaza,1937,0.006773319346096687,285975,41.888243,-87.63638999999999
cold,cold,weekday,15,Wells St & Hubbard St,1927,0.006738351254480287,285975,41.889906,-87.634266
cold,cold,weekday,16,Franklin St & Monroe St,1830,0.006399160765801206,285975,41.88031616332084,-87.63518440237203
cold,cold,weekday,17,Ellis Ave & 55th St,1744,0.006098435177900166,285975,41.79430062054,-87.6014497734
cold,cold,weekday,18,Larrabee St & Kingsbury St,1732,0.006056473467960486,285975,41.897764,-87.642884
cold,cold,weekday,19,Wells St & Elm St,1701,0.005948072383949646,285975,41.903222,-87.634324
cold,cold,weekday,20,Wells St & Concord Ln,1684,0.005888626628201766,285975,41.912133,-87.634656
cold,cold,weekend,1,Kingsbury St & Kinzie St,971,0.012027299864987056,80733,41.889172621529056,-87.63849963502554
cold,cold,weekend,2,University Ave & 57th St,875,0.010838195037964649,80733,41.79147800295527,-87.59986050810642
cold,cold,weekend,3,State St & Chicago Ave,787,0.009748182279860776,80733,41.896617200407526,-87.62857854366302
cold,cold,weekend,4,Ellis Ave & 60th St,758,0.00938897353003109,80733,41.78509714636001,-87.6010727606
cold,cold,weekend,5,Clark St & Elm St,754,0.009339427495571824,80733,41.90301732164141,-87.63152289470456
cold,cold,weekend,6,Wells St & Concord Ln,722,0.008943059219897687,80733,41.912133,-87.634656
cold,cold,weekend,7,Wells St & Elm St,676,0.008373279823616117,80733,41.903222,-87.634324
cold,cold,weekend,8,Ellis Ave & 55th St,606,0.0075062242205789454,80733,41.79430062054,-87.6014497734
cold,cold,weekend,9,Broadway & Waveland Ave,516,0.006391438445245439,80733,41.949074,-87.648636
cold,cold,weekend,10,Wells St & Huron St,509,0.006304732884941722,80733,41.89478399980203,-87.6343724037867
cold,cold,weekend,11,Wabash Ave & Grand Ave,499,0.006180867798793554,80733,41.891466,-87.62676099999999
cold,cold,weekend,12,Desplaines St & Kinzie St,498,0.006168481290178737,80733,41.888716036,-87.6444478533
cold,cold,weekend,13,Dearborn St & Erie St,483,0.0059826836609564865,80733,41.893992,-87.629318
cold,cold,weekend,14,Blackstone Ave & 59th St,452,0.005598701893897167,80733,41.787877,-87.590461
cold,cold,weekend,15,Clinton St & Madison St,452,0.005598701893897167,80733,41.88275006331282,-87.64119022354309
cold,cold,weekend,16,New St & Illinois St,449,0.005561542368052717,80733,41.89084704062381,-87.61861681938171
cold,cold,weekend,17,Halsted St & Clybourn Ave,449,0.005561542368052717,80733,41.909668,-87.648128
cold,cold,weekend,18,Wilton Ave & Belmont Ave,433,0.005363358230215649,80733,41.940231918108594,-87.65294373035431
cold,cold,weekend,19,Wells St & Hubbard St,431,0.005338585212986016,80733,41.889906,-87.634266
cold,cold,weekend,20,Clark St & Wrightwood Ave,416,0.005152787583763765,80733,41.929546,-87.643118
cold,mild,weekday,1,Kingsbury St & Kinzie St,27620,0.009807089368078314,2816330,41.889172621529056,-87.63849963502554
cold,mild,weekday,2,Clinton St & Washington Blvd,25033,0.008888518035883579,2816330,41.883378993326986,-87.64117008864396
cold,mild,weekday,3,Canal St & Madison St,22816,0.008101323353442247,2816330,41.882409,-87.639767
cold,mild,weekday,4,Clinton St & Madison St,21771,0.007730273085895474,2816330,41.88275006331282,-87.64119022354309
cold,mild,weekday,5,Michigan Ave & Oak St,20566,0.007302411294131015,2816330,41.90096039009614,-87.62377663865593
cold,mild,weekday,6,DuSable Lake Shore Dr & Monroe St,20322,0.007215773719699041,2816330,41.880958,-87.616743
cold,mild,weekday,7,DuSable Lake Shore Dr & North Blvd,19401,0.006888752383420977,2816330,41.911722,-87.626804
cold,mild,weekday,8,Clark St & Elm St,18852,0.0066938178409490364,2816330,41.90301732164141,-87.63152289470456
cold,mild,weekday,9,Navy Pier,18819,0.006682100464079139,2816330,41.892278,-87.612043
cold,mild,weekday,10,Clinton St & Jackson Blvd,18663,0.006626709227966893,2816330,41.87831662050808,-87.64098109175531
cold,mild,weekday,11,Streeter Dr & Grand Ave,17374,0.006169021385988148,2816330,41.892278002970286,-87.61204300164603
cold,mild,weekday,12,Canal St & Adams St,17029,0.006046521536893759,2816330,41.879255,-87.639904
cold,mild,weekday,13,State St & Chicago Ave,16976,0.00602770271949665,2816330,41.896617200407526,-87.62857854366302
cold,mild,weekday,14,Franklin St & Monroe St,16873,0.005991130300781513,2816330,41.88031616332084,-87.63518440237203
cold,mild,weekday,15,Wells St & Concord Ln,16632,0.005905557942428622,2816330,41.912133,-87.634656
cold,mild,weekday,16,Wells St & Elm St,16423,0.005831347888919267,2816330,41.903222,-87.634324
cold,mild,weekday,17,Millennium Park,16332,0.005799036334520458,2816330,41.8810317,-87.62408432
cold,mild,weekday,18,Daley Center Plaza,16192,0.005749326250829981,2816330,41.88424087537072,-87.62963348535213
cold,mild,weekday,19,Wells St & Huron St,16035,0.005693579942691375,2816330,41.89478399980203,-87.6343724037867
cold,mild,weekday,20,Theater on the Lake,15220,0.005404196241207529,2816330,41.926277,-87.630834
cold,mild,weekend,1,DuSable Lake Shore Dr & Monroe St,16873,0.014978636822430405,1126471,41.880958,-87.616743
cold,mild,weekend,2,Navy Pier,15503,0.013762449277433685,1126471,41.892278,-87.612043
cold,mild,weekend,3,DuSable Lake Shore Dr & North Blvd,14743,0.013087775894807767,1126471,41.911722,-87.626804
cold,mild,weekend,4,Michigan Ave & Oak St,13233,0.011747306410906273,1126471,41.90096039009614,-87.62377663865593
cold,mild,weekend,5,Theater on the Lake,12318,0.010935035167350069,1126471,41.926277,-87.630834
cold,mild,weekend,6,Streeter Dr & Grand Ave,11725,0.010408612383274847,1126471,41.892278002970286,-87.61204300164603
cold,mild,weekend,7,Millennium Park,10029,0.008903025466257009,1126471,41.8810317,-87.62408432
cold,mild,weekend,8,Dusable Harbor,8622,0.007653991980264028,1126471,41.88697599432289,-87.61281299950515
cold,mild,weekend,9,Clark St & Lincoln Ave,8539,0.007580310545056198,1126471,41.915689,-87.6346
cold,mild,weekend,10,Wells St & Concord Ln,8497,0.007543025963384765,1126471,41.912133,-87.634656
cold,mild,weekend,11,Clark St & Armitage Ave,8246,0.007320206201491206,1126471,41.918305755768,-87.63628183370878
cold,mild,weekend,12,Shedd Aquarium,7985,0.007088509158247305,1126471,41.86722596201104,-87.61535540410257
cold,mild,weekend,13,Kingsbury St & Kinzie St,7948,0.007055663217251043,1126471,41.889172621529056,-87.63849963502554
cold,mild,weekend,14,Clark St & Elm St,7801,0.00692516718140103,1126471,41.90301732164141,-87.63152289470456
cold,mild,weekend,15,Montrose Harbor,7647,0.006788457048605779,1126471,41.963982,-87.638181
cold,mild,weekend,16,Wells St & Elm St,7437,0.006602034140248617,1126471,41.903222,-87.634324
cold,mild,weekend,17,DuSable Lake Shore Dr & Diversey Pkwy,6895,0.006120885491060134,1126471,41.932588,-87.636427
cold,mild,weekend,18,Indiana Ave & Roosevelt Rd,6640,0.0058945148166264375,1126471,41.86788801019692,-87.6230410031074
cold,mild,weekend,19,McClurg Ct & Ohio St,6249,0.005547413115828104,1126471,41.892592119709725,-87.61728912591934
cold,mild,weekend,20,State St & Chicago Ave,6179,0.0054852721463757165,1126471,41.896617200407526,-87.62857854366302
rain,dry,weekday,1,Kingsbury St & Kinzie St,23207,0.009932050174250624,2336577,41.889172621529056,-87.63849963502554
rain,dry,weekday,2,Clinton St & Washington Blvd,21485,0.009195074675476134,2336577,41.883378993326986,-87.64117008864396
rain,dry,weekday,3,Canal St & Madison St,19899,0.008516303977998584,2336577,41.882409,-87.639767
rain,dry,weekday,4,Clinton St & Madison St,18806,0.008048525685222442,2336577,41.88275006331282,-87.64119022354309
rain,dry,weekday,5,Navy Pier,16207,0.006936214813378716,2336577,41.892278,-87.612043
rain,dry,weekday,6,Michigan Ave & Oak St,16058,0.006872446317840157,2336577,41.90096039009614,-87.62377663865593
rain,dry,weekday,7,DuSable Lake Shore Dr & Monroe St,15822,0.0067714438685307615,2336577,41.880958,-87.616743
rain,dry,weekday,8,Clinton St & Jackson Blvd,15718,0.006726934314597807,2336577,41.87831662050808,-87.64098109175531
rain,dry,weekday,9,Clark St & Elm St,15430,0.0066036770883219345,2336577,41.90301732164141,-87.63152289470456
rain,dry,weekday,10,DuSable Lake Shore Dr & North Blvd,14984,0.006412799578186381,2336577,41.911722,-87.626804
rain,dry,weekday,11,Canal St & Adams St,14802,0.006334907858803711,2336577,41.879255,-87.639904
rain,dry,weekday,12,State St & Chicago Ave,14462,0.006189395855561362,2336577,41.896617200407526,-87.62857854366302
rain,dry,weekday,13,Franklin St & Monroe St,13939,0.005965564156456217,2336577,41.88031616332084,-87.63518440237203
rain,dry,weekday,14,Wells St & Concord Ln,13848,0.005926618296764883,2336577,41.912133,-87.634656
rain,dry,weekday,15,Daley Center Plaza,13623,0.005830323588736857,2336577,41.88424087537072,-87.62963348535213
rain,dry,weekday,16,Wells St & Elm St,13617,0.00582775572985611,2336577,41.903222,-87.634324
rain,dry,weekday,17,Wells St & Huron St,13368,0.005721189586305095,2336577,41.89478399980203,-87.6343724037867
rain,dry,weekday,18,Millennium Park,12924,0.005531168029129791,2336577,41.8810317,-87.62408432
rain,dry,weekday,19,Wells St & Hubbard St,12535,0.005364685178361338,2336577,41.889906,-87.634266
rain,dry,weekday,20,Orleans St & Merchandise Mart Plaza,12521,0.005358693507639594,2336577,41.888243,-87.63638999999999
rain,dry,weekend,1,DuSable Lake Shore Dr & Monroe St,12402,0.01440831458037323,860753,41.880958,-87.616743
rain,dry,weekend,2,Navy Pier,12172,0.01414110668217247,860753,41.892278,-87.612043
rain,dry,weekend,3,DuSable Lake Shore Dr & North Blvd,10936,0.012705154672710987,860753,41.911722,-87.626804
rain,dry,weekend,4,Michigan Ave & Oak St,9819,0.011407453706231637,860753,41.90096039009614,-87.62377663865593
rain,dry,weekend,5,Theater on the Lake,9113,0.010587241636102343,860753,41.926277,-87.630834
rain,dry,weekend,6,Streeter Dr & Grand Ave,8026,0.009324393873736136,860753,41.892278002970286,-87.61204300164603
rain,dry,weekend,7,Millennium Park,7388,0.008583182399596632,860753,41.8810317,-87.62408432
rain,dry,weekend,8,Wells St & Concord Ln,6600,0.007667704904891414,860753,41.912133,-87.634656
rain,dry,weekend,9,Clark St & Lincoln Ave,6317,0.007338923012757435,860753,41.915689,-87.6346
rain,dry,weekend,10,Kingsbury St & Kinzie St,6239,0.007248304682063263,860753,41.889172621529056,-87.63849963502554
rain,dry,weekend,11,Clark St & Armitage Ave,6175,0.007173951179955226,860753,41.918305755768,-87.63628183370878
rain,dry,weekend,12,Dusable Harbor,6144,0.007137936202371645,860753,41.88697599432289,-87.61281299950515
rain,dry,weekend,13,Clark St & Elm St,6014,0.006986905651214692,860753,41.90301732164141,-87.63152289470456
rain,dry,weekend,14,Montrose Harbor,5775,0.006709241791779988,860753,41.963982,-87.638181
rain,dry,weekend,15,Wells St & Elm St,5765,0.006697624057075607,860753,41.903222,-87.634324
rain,dry,weekend,16,Shedd Aquarium,5663,0.006579123163090922,860753,41.86722596201104,-87.61535540410257
rain,dry,weekend,17,DuSable Lake Shore Dr & Diversey Pkwy,5038,0.005853014744067114,860753,41.932588,-87.636427
rain,dry,weekend,18,Indiana Ave & Roosevelt Rd,4934,0.005732190303141552,860753,41.86788801019692,-87.6230410031074
rain,dry,weekend,19,State St & Chicago Ave,4895,0.005686881137794466,860753,41.896617200407526,-87.62857854366302
rain,dry,weekend,20,McClurg Ct & Ohio St,4704,0.00546498240494079,860753,41.892592119709725,-87.61728912591934
rain,rainy,weekday,1,Kingsbury St & Kinzie St,7887,0.010300002089514815,765728,41.889172621529056,-87.63849963502554
rain,rainy,weekday,2,Clinton St & Washington Blvd,7615,0.00994478457102261,765728,41.883378993326986,-87.64117008864396
rain,rainy,weekday,3,Canal St & Madison St,6794,0.008872602281750177,765728,41.882409,-87.639767
rain,rainy,weekday,4,Clinton St & Madison St,6298,0.008224852689205567,765728,41.88275006331282,-87.64119022354309
rain,rainy,weekday,5,Clinton St & Jackson Blvd,5695,0.007437366793430565,765728,41.87831662050808,-87.64098109175531
rain,rainy,weekday,6,Streeter Dr & Grand Ave,5418,0.007075619541142547,765728,41.892278002970286,-87.61204300164603
rain,rainy,weekday,7,Clark St & Elm St,5380,0.007025993564294371,765728,41.90301732164141,-87.63152289470456
rain,rainy,weekday,8,Michigan Ave & Oak St,5099,0.006659022524969702,765728,41.90096039009614,-87.62377663865593
rain,rainy,weekday,9,Canal St & Adams St,4922,0.0064278699485979356,765728,41.879255,-87.639904
rain,rainy,weekday,10,DuSable Lake Shore Dr & Monroe St,4876,0.00636779639767646,765728,41.880958,-87.616743
rain,rainy,weekday,11,Franklin St & Monroe St,4764,0.006221530360650257,765728,41.88031616332084,-87.63518440237203
rain,rainy,weekday,12,DuSable Lake Shore Dr & North Blvd,4746,0.006198023318985332,765728,41.911722,-87.626804
rain,rainy,weekday,13,State St & Chicago Ave,4722,0.006166680596765431,765728,41.896617200407526,-87.62857854366302
rain,rainy,weekday,14,Daley Center Plaza,4626,0.006041309707885829,765728,41.88424087537072,-87.62963348535213
rain,rainy,weekday,15,Wells St & Elm St,4507,0.0058859020435454885,765728,41.903222,-87.634324
rain,rainy,weekday,16,Wells St & Concord Ln,4468,0.005834970119938151,765728,41.912133,-87.634656
rain,rainy,weekday,17,Orleans St & Merchandise Mart Plaza,4344,0.005673032721801997,765728,41.888243,-87.63638999999999
rain,rainy,weekday,18,Wells St & Huron St,4321,0.005642995946341259,765728,41.89478399980203,-87.6343724037867
rain,rainy,weekday,19,University Ave & 57th St,4311,0.005629936478749634,765728,41.79147800295527,-87.59986050810642
rain,rainy,weekday,20,Millennium Park,4205,0.005491506122278407,765728,41.8810317,-87.62408432
rain,rainy,weekend,1,DuSable Lake Shore Dr & Monroe St,4816,0.013900955690703735,346451,41.880958,-87.616743
rain,rainy,weekend,2,Streeter Dr & Grand Ave,4045,0.011675532759322387,346451,41.892278002970286,-87.61204300164603
rain,rainy,weekend,3,DuSable Lake Shore Dr & North Blvd,4004,0.011557189905643223,346451,41.911722,-87.626804
rain,rainy,weekend,4,Michigan Ave & Oak St,3652,0.01054117321064162,346451,41.90096039009614,-87.62377663865593
rain,rainy,weekend,5,Navy Pier,3445,0.00994368612011511,346451,41.892278,-87.612043
rain,rainy,weekend,6,Theater on the Lake,3331,0.009614635258665728,346451,41.926277,-87.630834
rain,rainy,weekend,7,Millennium Park,2968,0.008566868041945326,346451,41.8810317,-87.62408432
rain,rainy,weekend,8,Kingsbury St & Kinzie St,2680,0.007735581655125833,346451,41.889172621529056,-87.63849963502554
rain,rainy,weekend,9,Shedd Aquarium,2652,0.00765476214529616,346451,41.86722596201104,-87.61535540410257
rain,rainy,weekend,10,Wells St & Concord Ln,2619,0.00755951058013976,346451,41.912133,-87.634656
rain,rainy,weekend,11,Dusable Harbor,2617,0.007553737758009069,346451,41.88697599432289,-87.61281299950515
rain,rainy,weekend,12,Clark St & Elm St,2541,0.007334370517042814,346451,41.90301732164141,-87.63152289470456
rain,rainy,weekend,13,Clark St & Lincoln Ave,2521,0.007276642295735905,346451,41.915689,-87.6346
rain,rainy,weekend,14,Clark St & Armitage Ave,2452,0.007077479932227068,346451,41.918305755768,-87.63628183370878
rain,rainy,weekend,15,Wells St & Elm St,2348,0.00677729318143114,346451,41.903222,-87.634324
rain,rainy,weekend,16,State St & Chicago Ave,2071,0.005977757316330448,346451,41.896617200407526,-87.62857854366302
rain,rainy,weekend,17,Indiana Ave & Roosevelt Rd,2049,0.005914256272892848,346451,41.86788801019692,-87.6230410031074
rain,rainy,weekend,18,DuSable Lake Shore Dr & Diversey Pkwy,2006,0.005790140597082993,346451,41.932588,-87.636427
rain,rainy,weekend,19,Wilton Ave & Belmont Ave,1994,0.005755503664298847,346451,41.940231918108594,-87.65294373035431
rain,rainy,weekend,20,Michigan Ave & 8th St,1969,0.005683343387665211,346451,41.87277296771354,-87.62398098838872
snow,no_snow,weekday,1,Kingsbury St & Kinzie St,30002,0.009942351461229402,3017596,41.889172621529056,-87.63849963502554
snow,no_snow,weekday,2,Clinton St & Washington Blvd,27920,0.009252398266699718,3017596,41.883378993326986,-87.64117008864396
snow,no_snow,weekday,3,Canal St & Madison St,25460,0.008437179794777034,3017596,41.882409,-87.639767
snow,no_snow,weekday,4,Clinton St & Madison St,24131,0.007996762986165145,3017596,41.88275006331282,-87.64119022354309
snow,no_snow,weekday,5,Michigan Ave & Oak St,21012,0.00696315875286155,3017596,41.90096039009614,-87.62377663865593
snow,no_snow,weekday,6,DuSable Lake Shore Dr & Monroe St,20626,0.006835242358486689,3017596,41.880958,-87.616743
snow,no_snow,weekday,7,Clinton St & Jackson Blvd,20557,0.006812376474518126,3017596,41.87831662050808,-87.64098109175531
snow,no_snow,weekday,8,Clark St & Elm St,20280,0.006720581549021142,3017596,41.90301732164141,-87.63152289470456
snow,no_snow,weekday,9,DuSable Lake Shore Dr & North Blvd,19663,0.006516114151795005,3017596,41.911722,-87.626804
snow,no_snow,weekday,10,Navy Pier,19046,0.006311646754568869,3017596,41.892278,-87.612043
snow,no_snow,weekday,11,Canal St & Adams St,18939,0.006276188064936459,3017596,41.879255,-87.639904
snow,no_snow,weekday,12,State St & Chicago Ave,18504,0.006132033579047692,3017596,41.896617200407526,-87.62857854366302
snow,no_snow,weekday,13,Franklin St & Monroe St,18106,0.006000140509200039,3017596,41.88031616332084,-87.63518440237203
snow,no_snow,weekday,14,Wells St & Concord Ln,17823,0.005906357245966657,3017596,41.912133,-87.634656
snow,no_snow,weekday,15,Streeter Dr & Grand Ave,17773,0.005889787764830017,3017596,41.892278002970286,-87.61204300164603
snow,no_snow,weekday,16,Daley Center Plaza,17650,0.005849026841233883,3017596,41.88424087537072,-87.62963348535213
snow,no_snow,weekday,17,Wells St & Elm St,17609,0.005835439866701838,3017596,41.903222,-87.634324
snow,no_snow,weekday,18,Wells St & Huron St,17197,0.005698907342135925,3017596,41.89478399980203,-87.6343724037867
snow,no_snow,weekday,19,Millennium Park,16912,0.005604461299657078,3017596,41.8810317,-87.62408432
snow,no_snow,weekday,20,Orleans St & Merchandise Mart Plaza,16328,0.005410929759981124,3017596,41.888243,-87.63638999999999
snow,no_snow,weekend,1,DuSable Lake Shore Dr & Monroe St,17139,0.014472609790101136,1184237,41.880958,-87.616743
snow,no_snow,weekend,2,Navy Pier,15595,0.01316881671489744,1184237,41.892278,-87.612043
snow,no_snow,weekend,3,DuSable Lake Shore Dr & North Blvd,14895,0.012577718818108199,1184237,41.911722,-87.626804
snow,no_snow,weekend,4,Michigan Ave & Oak St,13420,0.011332191107016585,1184237,41.90096039009614,-87.62377663865593
snow,no_snow,weekend,5,Theater on the Lake,12416,0.010484387837907446,1184237,41.926277,-87.630834
snow,no_snow,weekend,6,Streeter Dr & Grand Ave,11957,0.010096796502727072,1184237,41.892278002970286,-87.61204300164603
snow,no_snow,weekend,7,Millennium Park,10272,0.008673939422598686,1184237,41.8810317,-87.62408432
snow,no_snow,weekend,8,Wells St & Concord Ln,8992,0.007593074697041217,1184237,41.912133,-87.634656
snow,no_snow,weekend,9,Clark St & Lincoln Ave,8760,0.007397167965533926,1184237,41.915689,-87.6346
snow,no_snow,weekend,10,Dusable Harbor,8736,0.007376901751929723,1184237,41.88697599432289,-87.61281299950515
snow,no_snow,weekend,11,Kingsbury St & Kinzie St,8613,0.007273037407208185,1184237,41.889172621529056,-87.63849963502554
snow,no_snow,weekend,12,Clark St & Armitage Ave,8544,0.0072147720430961034,1184237,41.918305755768,-87.63628183370878
snow,no_snow,weekend,13,Clark St & Elm St,8317,0.007023087439423021,1184237,41.90301732164141,-87.63152289470456
snow,no_snow,weekend,14,Shedd Aquarium,8263,0.006977488458813565,1184237,41.86722596201104,-87.61535540410257
snow,no_snow,weekend,15,Wells St & Elm St,7914,0.006682783935985787,1184237,41.903222,-87.634324
snow,no_snow,weekend,16,Montrose Harbor,7697,0.006499543587981122,1184237,41.963982,-87.638181
snow,no_snow,weekend,17,DuSable Lake Shore Dr & Diversey Pkwy,6998,0.0059092901167587236,1184237,41.932588,-87.636427
snow,no_snow,weekend,18,Indiana Ave & Roosevelt Rd,6891,0.0058189365811066535,1184237,41.86788801019692,-87.6230410031074
snow,no_snow,weekend,19,State St & Chicago Ave,6733,0.005685517341545653,1184237,41.896617200407526,-87.62857854366302
snow,no_snow,weekend,20,McClurg Ct & Ohio St,6547,0.005528454186113084,1184237,41.892592119709725,-87.61728912591934
snow,snowy,weekday,1,Canal St & Madison St,1233,0.014555714268849827,84709,41.882409,-87.639767
snow,snowy,weekday,2,Clinton St & Washington Blvd,1180,0.013930042852589454,84709,41.883378993326986,-87.64117008864396
snow,snowy,weekday,3,Kingsbury St & Kinzie St,1092,0.012891192199176003,84709,41.889172621529056,-87.63849963502554
snow,snowy,weekday,4,Clinton St & Madison St,973,0.011486382792855541,84709,41.88275006331282,-87.64119022354309
snow,snowy,weekday,5,University Ave & 57th St,861,0.010164209233965694,84709,41.79147800295527,-87.59986050810642
snow,snowy,weekday,6,Clinton St & Jackson Blvd,856,0.010105183628658112,84709,41.87831662050808,-87.64098109175531
snow,snowy,weekday,7,Canal St & Adams St,785,0.00926702003329044,84709,41.879255,-87.639904
snow,snowy,weekday,8,State St & Chicago Ave,680,0.00802748232183121,84709,41.896617200407526,-87.62857854366302
snow,snowy,weekday,9,Clinton St & Lake St,642,0.007578887721493584,84709,41.885637,-87.641823
snow,snowy,weekday,10,Ellis Ave & 60th St,620,0.007319175058140222,84709,41.78509714636001,-87.6010727606
snow,snowy,weekday,11,Daley Center Plaza,599,0.007071267515848375,84709,41.88424087537072,-87.62963348535213
snow,snowy,weekday,12,Franklin St & Monroe St,597,0.0070476572737253424,84709,41.88031616332084,-87.63518440237203
snow,snowy,weekday,13,LaSalle St & Jackson Blvd,595,0.007024047031602309,84709,41.878166,-87.631929
snow,snowy,weekday,14,Wells St & Hubbard St,571,0.0067407241261259136,84709,41.889906,-87.634266
snow,snowy,weekday,15,Kingsbury St & Erie St,555,0.00655184218914165,84709,41.8939139,-87.6417358
snow,snowy,weekday,16,Orleans St & Merchandise Mart Plaza,537,0.006339350010034353,84709,41.888243,-87.63638999999999
snow,snowy,weekday,17,Ellis Ave & 55th St,536,0.006327544888972836,84709,41.79430062054,-87.6014497734
snow,snowy,weekday,18,Clark St & Elm St,530,0.006256714162603738,84709,41.90301732164141,-87.63152289470456
snow,snowy,weekday,19,Wells St & Elm St,515,0.00607963734668099,84709,41.903222,-87.634324
snow,snowy,weekday,20,Wells St & Concord Ln,493,0.005819924683327628,84709,41.912133,-87.634656
snow,snowy,weekend,1,University Ave & 57th St,310,0.013497627030086647,22967,41.79147800295527,-87.59986050810642
snow,snowy,weekend,2,Kingsbury St & Kinzie St,306,0.013323464100666173,22967,41.889172621529056,-87.63849963502554
snow,snowy,weekend,3,Ellis Ave & 60th St,255,0.011102886750555145,22967,41.78509714636001,-87.6010727606
snow,snowy,weekend,4,Clark St & Elm St,238,0.010362694300518135,22967,41.90301732164141,-87.63152289470456
snow,snowy,weekend,5,State St & Chicago Ave,233,0.010144990638742543,22967,41.896617200407526,-87.62857854366302
snow,snowy,weekend,6,Wells St & Concord Ln,227,0.009883746244611835,22967,41.912133,-87.634656
snow,snowy,weekend,7,Wells St & Elm St,199,0.008664605738668524,22967,41.903222,-87.634324
snow,snowy,weekend,8,Ellis Ave & 55th St,196,0.00853398354160317,22967,41.79430062054,-87.6014497734
snow,snowy,weekend,9,Blackstone Ave & 59th St,161,0.007010057909174032,22967,41.787877,-87.590461
snow,snowy,weekend,10,New St & Illinois St,157,0.00683589497975356,22967,41.89084704062381,-87.61861681938171
snow,snowy,weekend,11,Wabash Ave & Grand Ave,152,0.0066181913179779684,22967,41.891466,-87.62676099999999
snow,snowy,weekend,12,Broadway & Waveland Ave,144,0.006269865459137023,22967,41.949074,-87.648636
snow,snowy,weekend,13,Wells St & Hubbard St,141,0.006139243262071668,22967,41.889906,-87.634266
snow,snowy,weekend,14,Dearborn St & Erie St,141,0.006139243262071668,22967,41.893992,-87.629318
snow,snowy,weekend,15,Wells St & Huron St,140,0.00609570252971655,22967,41.89478399980203,-87.6343724037867
snow,snowy,weekend,16,Broadway & Barry Ave,136,0.005921539600296077,22967,41.93758231600629,-87.6440978050232
snow,snowy,weekend,17,Desplaines St & Kinzie St,130,0.005660295206165368,22967,41.888716036,-87.6444478533
snow,snowy,weekend,18,Halsted St & Clybourn Ave,128,0.005573213741455131,22967,41.909668,-87.648128
snow,snowy,weekend,19,Clinton St & Madison St,124,0.005399050812034658,22967,41.88275006331282,-87.64119022354309
snow,snowy,weekend,20,Clark St & Wrightwood Ave,121,0.005268428614969304,22967,41.929546,-87.643118
