end_station_name,return_count_weekday,return_count_weekend,return_share_weekday,return_share_weekend,end_lat,end_lng,total_return_count,weekend_minus_weekday_share,weekday_minus_weekend_share,weekend_weekday_share_ratio,orientation
Clinton St & Washington Blvd,29100.0,1489.0,0.009380122199461369,0.0012334286500044732,41.883378993326986,-87.64117008864396,30589.0,-0.008146693549456895,0.008146693549456895,0.13149397121727568,weekday_oriented
Canal St & Madison St,26693.0,2608.0,0.00860424748694922,0.002160363948429594,41.882409,-87.639767,29301.0,-0.006443883538519626,0.006443883538519626,0.25108118991523776,weekday_oriented
Franklin St & Monroe St,18703.0,774.0,0.006028743144210515,0.0006411509570876173,41.88031616332084,-87.63518440237203,19477.0,-0.005387592187122897,0.005387592187122897,0.10634917351789167,weekday_oriented
Clinton St & Jackson Blvd,21413.0,2302.0,0.0069022871703459205,0.0019068856630693736,41.87831662050808,-87.64098109175531,23715.0,-0.004995401507276547,0.004995401507276547,0.27626877000903405,weekday_oriented
Canal St & Adams St,19724.0,1747.0,0.006357853273614296,0.0014471456357003456,41.879255,-87.639904,21471.0,-0.004910707637913951,0.004910707637913951,0.22761557176705707,weekday_oriented
Clinton St & Madison St,25104.0,4057.0,0.008092047687122962,0.0033606581820471103,41.88275006331282,-87.64119022354309,29161.0,-0.004731389505075852,0.004731389505075852,0.41530387569157784,weekday_oriented
LaSalle St & Jackson Blvd,13930.0,876.0,0.004490209698917418,0.0007256437188743576,41.878166,-87.631929,14806.0,-0.0037645659800430607,0.0037645659800430607,0.16160593957190234,weekday_oriented
Daley Center Plaza,18249.0,3266.0,0.0058824003442601545,0.0027054250979950366,41.88424087537072,-87.62963348535213,21515.0,-0.003176975246265118,0.003176975246265118,0.45991865220738437,weekday_oriented
Orleans St & Merchandise Mart Plaza,16865.0,3074.0,0.005436280443089896,0.002546379899337643,41.888243,-87.63638999999999,19939.0,-0.0028899005437522532,0.0028899005437522532,0.4684049061835033,weekday_oriented
Larrabee St & Kingsbury St,15621.0,2597.0,0.005035288277587149,0.002151251983923181,41.897764,-87.642884,18218.0,-0.002884036293663968,0.002884036293663968,0.4272352322435059,weekday_oriented
Canal St & Jackson Blvd,10978.0,848.0,0.0035386591582710273,0.0007024496274034877,41.878128645697444,-87.63996997065593,11826.0,-0.0028362095308675397,0.0028362095308675397,0.1985075130093029,weekday_oriented
Kingsbury St & Kinzie St,31094.0,8919.0,0.010022870091754357,0.00738814649388173,41.889172621529056,-87.63849963502554,40013.0,-0.0026347235978726275,0.0026347235978726275,0.7371288552199211,weekday_oriented
Clinton St & Lake St,15088.0,2973.0,0.004863480541081551,0.0024627154979605767,41.885637,-87.641823,18061.0,-0.0024007650431209743,0.0024007650431209743,0.506369043895438,weekday_oriented
Dearborn St & Monroe St,13388.0,2359.0,0.004315500893690337,0.0019541022064207872,41.881319815,-87.6295209193,15747.0,-0.0023613986872695497,0.0023613986872695497,0.45281018397370343,weekday_oriented
Wacker Dr & Washington St,8781.0,743.0,0.002830476049260147,0.0006154717843877257,41.88314336439022,-87.63724207878113,9524.0,-0.0022150042648724213,0.0022150042648724213,0.21744489486272395,weekday_oriented
Canal St & Monroe St,8577.0,674.0,0.002764718491573201,0.0005583149161202249,41.8829056,-87.6397409,9251.0,-0.002206403575452976,0.002206403575452976,0.20194306070542,weekday_oriented
Franklin St & Lake St,11187.0,1915.0,0.0036060284208032415,0.0015863101845255648,41.885836999999995,-87.63549999999998,13102.0,-0.0020197182362776765,0.0020197182362776765,0.4399052252247611,weekday_oriented
St. Clair St & Erie St,15631.0,4030.0,0.005038511687277685,0.0033382924509859145,41.89434700980045,-87.62280048612229,19661.0,-0.0017002192362917706,0.0017002192362917706,0.662555332928932,weekday_oriented
Clark St & Lake St,14389.0,3551.0,0.004638164203713046,0.0029415078147521046,41.88602073203813,-87.63087535800302,17940.0,-0.001696656388960941,0.001696656388960941,0.634196645776503,weekday_oriented
Morgan St & Polk St,9246.0,1584.0,0.0029803645998700964,0.001312122888923496,41.871737,-87.65103,10830.0,-0.0016682417109466004,0.0016682417109466004,0.4402560172418735,weekday_oriented
